adm_cd,pop60,base_ym
1111051500,3039,2026-08-31
1111053000,2673,2026-08-31
1111054000,777,2026-08-31
1111055000,2771,2026-08-31
1111056000,5620,2026-08-31
1111057000,2227,2026-08-31
1111058000,2427,2026-08-31
1111060000,1166,2026-08-31
1111061500,2471,2026-08-31
1111063000,1548,2026-08-31
1111064000,2014,2026-08-31
1111065000,3811,2026-08-31
1111067000,1843,2026-08-31
1111068000,2938,2026-08-31
1111069000,2070,2026-08-31
1111070000,1993,2026-08-31
1111071000,2679,2026-08-31
1114052000,384,2026-08-31
1114054000,1698,2026-08-31
1114055000,966,2026-08-31
1114057000,1233,2026-08-31
1114058000,1225,2026-08-31
1114059000,1670,2026-08-31
1114060500,687,2026-08-31
1114061500,2314,2026-08-31
1114062500,4295,2026-08-31
1114063500,5757,2026-08-31
1114064500,3562,2026-08-31
1114065000,2994,2026-08-31
1114066500,3283,2026-08-31
1114067000,3214,2026-08-31
1114068000,3188,2026-08-31
1117051000,4532,2026-08-31
1117052000,2711,2026-08-31
1117053000,2479,2026-08-31
1117055500,4998,2026-08-31
1117056000,3292,2026-08-31
1117057000,3636,2026-08-31
1117058000,2519,2026-08-31
1117059000,3271,2026-08-31
1117062500,5070,2026-08-31
1117063000,6567,2026-08-31
1117064000,2525,2026-08-31
1117065000,1804,2026-08-31
1117066000,2444,2026-08-31
1117068500,3661,2026-08-31
1117069000,3334,2026-08-31
1117070000,1769,2026-08-31
1120052000,4204,2026-08-31
1120053500,6411,2026-08-31
1120054000,6168,2026-08-31
1120055000,2187,2026-08-31
1120056000,3782,2026-08-31
1120057000,6087,2026-08-31
1120058000,3688,2026-08-31
1120059000,4153,2026-08-31
1120061500,5801,2026-08-31
1120062000,3830,2026-08-31
1120064500,6605,2026-08-31
1120065000,4170,2026-08-31
1120066000,3523,2026-08-31
1120067000,4643,2026-08-31
1120069000,2748,2026-08-31
1120072000,2832,2026-08-31
1120079000,3354,2026-08-31
1121571000,3331,2026-08-31
1121573000,4861,2026-08-31
1121574000,4176,2026-08-31
1121575000,5783,2026-08-31
1121576000,4898,2026-08-31
1121577000,9153,2026-08-31
1121578000,2509,2026-08-31
1121581000,6703,2026-08-31
1121582000,5863,2026-08-31
1121583000,6861,2026-08-31
1121584000,7279,2026-08-31
1121584700,6095,2026-08-31
1121585000,5447,2026-08-31
1121586000,7404,2026-08-31
1121587000,7121,2026-08-31
1123051500,3657,2026-08-31
1123053300,6405,2026-08-31
1123054500,7499,2026-08-31
1123056000,9241,2026-08-31
1123057000,5733,2026-08-31
1123060000,6680,2026-08-31
1123061000,8938,2026-08-31
1123065000,10925,2026-08-31
1123066000,8692,2026-08-31
1123070500,7728,2026-08-31
1123071000,2105,2026-08-31
1123072000,3564,2026-08-31
1123073000,6164,2026-08-31
1123074000,5913,2026-08-31
1123075000,5731,2026-08-31
1126052000,8140,2026-08-31
1126054000,6031,2026-08-31
1126055000,3997,2026-08-31
1126056500,10426,2026-08-31
1126057000,7168,2026-08-31
1126057500,8424,2026-08-31
1126058000,7042,2026-08-31
1126059000,5239,2026-08-31
1126060000,6060,2026-08-31
1126061000,8893,2026-08-31
1126062000,9728,2026-08-31
1126063000,5955,2026-08-31
1126065500,11659,2026-08-31
1126066000,5897,2026-08-31
1126068000,12009,2026-08-31
1126069000,6603,2026-08-31
1129052500,4540,2026-08-31
1129055500,6013,2026-08-31
1129057500,3101,2026-08-31
1129058000,4604,2026-08-31
1129059000,5908,2026-08-31
1129060000,3199,2026-08-31
1129061000,4054,2026-08-31
1129062000,4821,2026-08-31
1129063000,6994,2026-08-31
1129064000,4310,2026-08-31
1129065000,7666,2026-08-31
1129066000,7184,2026-08-31
1129068500,4894,2026-08-31
1129070500,10798,2026-08-31
1129071500,7411,2026-08-31
1129072500,5550,2026-08-31
1129076000,6866,2026-08-31
1129077000,5068,2026-08-31
1129078000,4425,2026-08-31
1129081000,11200,2026-08-31
1130553400,8244,2026-08-31
1130553500,7236,2026-08-31
1130554500,9327,2026-08-31
1130555500,8825,2026-08-31
1130557500,7469,2026-08-31
1130559500,5167,2026-08-31
1130560300,5965,2026-08-31
1130560800,6552,2026-08-31
1130561500,7042,2026-08-31
1130562500,7688,2026-08-31
1130563500,7474,2026-08-31
1130564500,7451,2026-08-31
1130566000,10860,2026-08-31
1132051100,7311,2026-08-31
1132051200,9167,2026-08-31
1132051300,4712,2026-08-31
1132051400,7584,2026-08-31
1132051500,7625,2026-08-31
1132052100,8755,2026-08-31
1132052200,10148,2026-08-31
1132066000,7456,2026-08-31
1132067000,6346,2026-08-31
1132068000,5508,2026-08-31
1132068100,5742,2026-08-31
1132069000,9977,2026-08-31
1132070000,7123,2026-08-31
1132071000,8931,2026-08-31
1135056000,6219,2026-08-31
1135057000,9029,2026-08-31
1135058000,9293,2026-08-31
1135059500,10700,2026-08-31
1135060000,9633,2026-08-31
1135061100,7519,2026-08-31
1135061200,5114,2026-08-31
1135061900,4438,2026-08-31
1135062100,4541,2026-08-31
1135062400,6067,2026-08-31
1135062500,10949,2026-08-31
1135063000,12497,2026-08-31
1135064000,6101,2026-08-31
1135066500,9575,2026-08-31
1135067000,8160,2026-08-31
1135069500,8316,2026-08-31
1135070000,4652,2026-08-31
1135071000,5673,2026-08-31
1135072000,4680,2026-08-31
1138051000,11269,2026-08-31
1138052000,11114,2026-08-31
1138053000,9642,2026-08-31
1138055100,4723,2026-08-31
1138055200,8445,2026-08-31
1138056000,10272,2026-08-31
1138057000,7882,2026-08-31
1138058000,8538,2026-08-31
1138059000,6320,2026-08-31
1138060000,8469,2026-08-31
1138062500,14249,2026-08-31
1138063100,8466,2026-08-31
1138063200,6274,2026-08-31
1138064000,4569,2026-08-31
1138065000,5292,2026-08-31
1138069000,14022,2026-08-31
1141052000,5043,2026-08-31
1141055500,3596,2026-08-31
1141056500,5328,2026-08-31
1141058500,3070,2026-08-31
1141061500,8665,2026-08-31
1141062000,7525,2026-08-31
1141064000,5782,2026-08-31
1141065500,4009,2026-08-31
1141066000,7597,2026-08-31
1141068500,8273,2026-08-31
1141069000,3637,2026-08-31
1141070000,7310,2026-08-31
1141071000,4733,2026-08-31
1141072000,9954,2026-08-31
1144055500,5859,2026-08-31
1144056500,9673,2026-08-31
1144058500,5727,2026-08-31
1144059000,4612,2026-08-31
1144060000,2926,2026-08-31
1144061000,3190,2026-08-31
1144063000,5250,2026-08-31
1144065500,5387,2026-08-31
1144066000,4847,2026-08-31
1144068000,3836,2026-08-31
1144069000,5060,2026-08-31
1144070000,4599,2026-08-31
1144071000,3336,2026-08-31
1144072000,4618,2026-08-31
1144073000,9596,2026-08-31
1144074000,6745,2026-08-31
1147051000,5765,2026-08-31
1147052000,7526,2026-08-31
1147053000,6060,2026-08-31
1147054000,5764,2026-08-31
1147055000,8378,2026-08-31
1147056000,7277,2026-08-31
1147057000,6652,2026-08-31
1147058000,5045,2026-08-31
1147059000,5535,2026-08-31
1147060000,4279,2026-08-31
1147061000,3284,2026-08-31
1147061100,6974,2026-08-31
1147062000,4664,2026-08-31
1147063000,4617,2026-08-31
1147064000,12390,2026-08-31
1147065000,9745,2026-08-31
1147067000,5386,2026-08-31
1147068000,8446,2026-08-31
1150051000,8119,2026-08-31
1150052000,5067,2026-08-31
1150053000,5574,2026-08-31
1150053500,10884,2026-08-31
1150054000,14173,2026-08-31
1150055000,4882,2026-08-31
1150056000,6657,2026-08-31
1150057000,6402,2026-08-31
1150059000,8474,2026-08-31
1150059100,6865,2026-08-31
1150059300,7088,2026-08-31
1150060300,6038,2026-08-31
1150060400,6153,2026-08-31
1150060500,5282,2026-08-31
1150061100,8508,2026-08-31
1150061500,10194,2026-08-31
1150062000,6852,2026-08-31
1150063000,11471,2026-08-31
1150064000,7726,2026-08-31
1150064100,8087,2026-08-31
1153051000,7991,2026-08-31
1153052000,4827,2026-08-31
1153053000,8567,2026-08-31
1153054000,5448,2026-08-31
1153055000,6842,2026-08-31
1153056000,7905,2026-08-31
1153059500,3033,2026-08-31
1153072000,7196,2026-08-31
1153073000,8574,2026-08-31
1153074000,10816,2026-08-31
1153075000,10069,2026-08-31
1153076000,6910,2026-08-31
1153077000,6310,2026-08-31
1153078000,11170,2026-08-31
1153079000,7619,2026-08-31
1153080000,3233,2026-08-31
1154551000,4792,2026-08-31
1154561000,10708,2026-08-31
1154562000,6211,2026-08-31
1154563000,8081,2026-08-31
1154564000,5241,2026-08-31
1154567000,10354,2026-08-31
1154568000,6911,2026-08-31
1154569000,3849,2026-08-31
1154570000,7192,2026-08-31
1154571000,6835,2026-08-31
1156051500,6631,2026-08-31
1156053500,5359,2026-08-31
1156054000,9548,2026-08-31
1156055000,5107,2026-08-31
1156056000,7478,2026-08-31
1156058500,5191,2026-08-31
1156060500,6936,2026-08-31
1156061000,3742,2026-08-31
1156062000,4426,2026-08-31
1156063000,5405,2026-08-31
1156065000,5125,2026-08-31
1156066000,3776,2026-08-31
1156067000,3158,2026-08-31
1156068000,5077,2026-08-31
1156069000,4324,2026-08-31
1156070000,4880,2026-08-31
1156071000,4116,2026-08-31
1156072000,7416,2026-08-31
1159051000,8992,2026-08-31
1159052000,2338,2026-08-31
1159053000,11315,2026-08-31
1159054000,6793,2026-08-31
1159055000,7177,2026-08-31
1159056000,8468,2026-08-31
1159060500,7914,2026-08-31
1159062000,5802,2026-08-31
1159063000,8408,2026-08-31
1159064000,7004,2026-08-31
1159065000,4176,2026-08-31
1159065100,3738,2026-08-31
1159066000,8201,2026-08-31
1159067000,6304,2026-08-31
1159068000,5245,2026-08-31
1162052500,6880,2026-08-31
1162054500,4138,2026-08-31
1162056500,8521,2026-08-31
1162057500,6568,2026-08-31
1162058500,2922,2026-08-31
1162059500,7010,2026-08-31
1162060500,8977,2026-08-31
1162061500,3429,2026-08-31
1162062500,6338,2026-08-31
1162063000,4515,2026-08-31
1162064500,5148,2026-08-31
1162065500,4747,2026-08-31
1162066500,5675,2026-08-31
1162068500,5447,2026-08-31
1162069500,2977,2026-08-31
1162071500,4370,2026-08-31
1162072500,4744,2026-08-31
1162073500,5038,2026-08-31
1162074500,8323,2026-08-31
1162076500,9463,2026-08-31
1162077500,8695,2026-08-31
1165051000,4853,2026-08-31
1165052000,4595,2026-08-31
1165053000,7814,2026-08-31
1165053100,6656,2026-08-31
1165054000,7311,2026-08-31
1165055000,536,2026-08-31
1165056000,6147,2026-08-31
1165057000,5406,2026-08-31
1165058000,5090,2026-08-31
1165058100,4395,2026-08-31
1165059000,4883,2026-08-31
1165060000,4444,2026-08-31
1165061000,5326,2026-08-31
1165062000,4463,2026-08-31
1165062100,5855,2026-08-31
1165065100,11464,2026-08-31
1165065200,5131,2026-08-31
1165066000,5089,2026-08-31
1168051000,4221,2026-08-31
1168052100,4441,2026-08-31
1168053100,4598,2026-08-31
1168054500,7367,2026-08-31
1168056500,6648,2026-08-31
1168058000,3645,2026-08-31
1168059000,5866,2026-08-31
1168060000,4166,2026-08-31
1168061000,8485,2026-08-31
1168063000,3273,2026-08-31
1168064000,5814,2026-08-31
1168065000,5675,2026-08-31
1168065500,4858,2026-08-31
1168065600,7574,2026-08-31
1168066000,6383,2026-08-31
1168067000,8073,2026-08-31
1168067500,4658,2026-08-31
1168069000,5926,2026-08-31
1168070000,11149,2026-08-31
1168072000,5405,2026-08-31
1168073000,4988,2026-08-31
1168075000,6653,2026-08-31
1171051000,3972,2026-08-31
1171052000,6267,2026-08-31
1171053100,4159,2026-08-31
1171053200,7097,2026-08-31
1171054000,5823,2026-08-31
1171055000,6857,2026-08-31
1171056100,3965,2026-08-31
1171056200,5853,2026-08-31
1171056600,4960,2026-08-31
1171057000,11418,2026-08-31
1171058000,5567,2026-08-31
1171059000,4285,2026-08-31
1171060000,7494,2026-08-31
1171061000,6615,2026-08-31
1171062000,6923,2026-08-31
1171063100,6283,2026-08-31
1171063200,6860,2026-08-31
1171064100,5480,2026-08-31
1171064200,6342,2026-08-31
1171064600,8351,2026-08-31
1171064700,6939,2026-08-31
1171065000,6170,2026-08-31
1171067000,5962,2026-08-31
1171068000,9025,2026-08-31
1171069000,7273,2026-08-31
1171071000,4505,2026-08-31
1171072000,3242,2026-08-31
1174051500,9576,2026-08-31
1174052500,8520,2026-08-31
1174052600,3096,2026-08-31
1174053000,6775,2026-08-31
1174054000,4364,2026-08-31
1174055000,4866,2026-08-31
1174056000,5643,2026-08-31
1174057000,10470,2026-08-31
1174058000,3930,2026-08-31
1174059000,4442,2026-08-31
1174060000,8354,2026-08-31
1174061000,10628,2026-08-31
1174062000,7944,2026-08-31
1174064000,5130,2026-08-31
1174065000,7107,2026-08-31
1174066000,6583,2026-08-31
1174068500,14183,2026-08-31
1174069000,7155,2026-08-31
1174070000,7376,2026-08-31
