name,lon,lat
수서,127.10161,37.48637
삼성,127.06324,37.50887
서울,126.97296,37.55569
연신내,126.9213,37.61878
김포공항,126.801868,37.56236
신설동,127.023242,37.576095
보문,127.019381,37.585286
성신여대입구(돈암),127.016516,37.592467
정릉,127.013396,37.603133
북한산보국문,127.008251,37.612072
솔샘,127.013626,37.620238
삼양사거리,127.020473,37.621337
삼양,127.018106,37.626914
화계,127.017511,37.634133
가오리,127.016789,37.641537
4.19민주묘지,127.013684,37.649502
솔밭공원,127.013273,37.65603
북한산우이,127.012706,37.662909
관악산(서울대),126.945064,37.469102
서울대벤처타운,126.933935,37.472002
서원,126.933037,37.478234
신림,126.929616,37.484927
당곡,126.927513,37.4903
보라매병원,126.923496,37.49296
보라매공원,126.918083,37.495569
보라매,126.920435,37.500274
서울지방병무청,126.922708,37.506046
대방,126.925726,37.513306
샛강,126.929399,37.517097
청계산입구,127.055664,37.447211
양재시민의숲(매헌),127.03842,37.470023
양재(서초구청),127.034653,37.483809
강남,127.028104,37.496837
신논현,127.02506,37.504598
논현,127.021415,37.511093
신사,127.020114,37.516334
김포공항,126.801904,37.561842
마곡나루,126.827378,37.565543
디지털미디어시티,126.898609,37.576958
홍대입구,126.926715,37.557438
공덕,126.952024,37.54253
서울역,126.969769,37.553247
중앙보훈병원,127.148739,37.529191
둔촌오륜,127.137989,37.519683
올림픽공원(한국체대),127.130288,37.516269
한성백제,127.116503,37.516404
송파나루,127.112216,37.510372
석촌,127.10704,37.505208
석촌고분,127.097033,37.502558
삼전,127.088025,37.504738
종합운동장,127.076275,37.511426
봉은사,127.060245,37.514219
삼성중앙,127.053282,37.513011
선정릉,127.043999,37.510297
언주,127.033868,37.507287
신논현,127.02506,37.504598
사평,127.015259,37.504206
고속터미널,127.004403,37.50598
신반포,126.995925,37.503415
구반포,126.987332,37.501364
동작(현충원),126.978153,37.502878
흑석(중앙대입구),126.963708,37.50877
노들,126.953222,37.512887
노량진,126.941005,37.513534
샛강,126.928422,37.517274
여의도,126.92403,37.52176
국회의사당,126.917874,37.528105
당산,126.902809,37.533406
선유도,126.893525,37.53802
신목동,126.88308,37.544277
염창,126.874916,37.546936
등촌,126.865689,37.550632
증미,126.861939,37.557402
가양,126.854456,37.561391
양천향교,126.841333,37.568381
마곡나루,126.82731,37.566778
신방화,126.816601,37.567532
공항시장,126.810678,37.563726
김포공항,126.802152,37.561916
개화,126.798153,37.578608
장지,127.126191,37.478703
문정,127.1225,37.485855
가락시장,127.118398,37.492888
송파,127.112183,37.499703
석촌,127.106832,37.505557
잠실(송파구청),127.104338,37.514692
몽촌토성(평화의문),127.112359,37.517409
강동구청,127.120508,37.530341
천호(풍납토성),127.123254,37.538113
암사,127.127562,37.55021
암사역사공원,127.13702,37.55695
온수(성공회대입구),126.823023,37.492092
천왕,126.838713,37.486637
가산디지털단지,126.882656,37.480338
남구로,126.887249,37.486056
대림(구로구청),126.897075,37.493013
신풍,126.90993,37.50008
보라매,126.920428,37.499872
신대방삼거리,126.928276,37.499701
장승배기,126.93915,37.504898
상도,126.94791,37.502834
숭실대입구(살피재),126.953822,37.496029
남성,126.971251,37.484596
이수,126.981605,37.485196
내방,126.993513,37.487618
고속터미널,127.005068,37.503367
반포,127.011727,37.508178
논현,127.021415,37.511093
학동,127.031656,37.514229
강남구청,127.041255,37.517179
청담,127.05335,37.519365
뚝섬유원지,127.066704,37.53154
건대입구,127.071011,37.540786
어린이대공원(세종대),127.074658,37.548014
군자(능동),127.079338,37.556897
중곡,127.08432,37.565923
용마산,127.086727,37.573647
사가정,127.088478,37.580894
면목,127.087503,37.588579
상봉(시외버스터미널),127.085716,37.595577
중화,127.079264,37.602545
먹골,127.077725,37.610637
태릉입구,127.075397,37.618294
공릉(서울과학기술대),127.072896,37.625742
하계,127.06799,37.636352
중계,127.064303,37.644583
노원,127.060462,37.654836
마들,127.057675,37.66494
수락산,127.055315,37.67785
도봉산,127.046509,37.689241
신내,127.102231,37.613174
봉화산(서울의료원),127.091401,37.617283
화랑대(서울여대입구),127.084689,37.620064
태릉입구,127.074735,37.617338
석계,127.065595,37.614872
돌곶이,127.056431,37.610537
상월곡(한국과학기술연구원),127.048491,37.606377
월곡(동덕여대),127.041518,37.601948
고려대(종암),127.036296,37.590508
안암(고대병원앞),127.029005,37.586272
보문,127.019351,37.585274
창신,127.015241,37.579661
동묘앞,127.015653,37.572279
신당,127.016146,37.566154
청구,127.013986,37.560608
약수,127.010358,37.554263
버티고개,127.007055,37.548013
한강진,127.001725,37.539631
이태원,126.994302,37.534488
녹사평(용산구청),126.986695,37.534675
삼각지,126.974032,37.535534
효창공원앞,126.961384,37.539233
공덕,126.951678,37.543555
대흥(서강대앞),126.942069,37.547771
광흥창(서강),126.931993,37.547456
상수,126.922852,37.547716
합정,126.913366,37.549209
망원,126.910052,37.556094
마포구청,126.903343,37.563515
월드컵경기장(성산),126.899298,37.569532
디지털미디어시티,126.901391,37.576108
증산(명지대앞),126.909645,37.583876
새절(신사),126.913629,37.591148
구산,126.91727,37.611377
연신내,126.920625,37.618636
독바위,126.933031,37.618456
불광,126.92939,37.610873
역촌,126.922744,37.606021
응암,126.915577,37.598605
강일,127.17593,37.55749
마천,127.152781,37.49499
거여,127.14415,37.493105
개롱,127.13482,37.498079
오금,127.127938,37.502057
방이,127.126133,37.508857
올림픽공원(한국체대),127.130923,37.516201
둔촌동,127.136248,37.527788
상일동,127.166417,37.556712
고덕,127.154151,37.555004
명일,127.143999,37.55137
굽은다리(강동구민회관앞),127.142853,37.545477
길동,127.140004,37.537801
강동,127.132481,37.535804
천호(풍납토성),127.123308,37.53864
광나루(장신대),127.10357,37.545303
아차산(어린이대공원후문),127.089761,37.551691
군자(능동),127.079577,37.557088
장한평,127.064623,37.56144
답십리,127.052704,37.566747
마장,127.042973,37.5661
왕십리(성동구청),127.037059,37.56184
행당,127.029476,37.557322
신금호,127.020331,37.554548
청구,127.013639,37.560276
동대문역사문화공원,127.005353,37.564665
을지로4가,126.998032,37.567352
종로3가,126.990305,37.57254
광화문(세종문화회관),126.97717,37.571525
서대문,126.966641,37.565773
충정로(경기대입구),126.9629,37.560236
애오개,126.95682,37.553736
공덕,126.951372,37.544431
마포,126.945932,37.539574
여의나루,126.932901,37.527098
여의도,126.924357,37.521747
신길,126.914839,37.517623
영등포시장,126.905139,37.522669
영등포구청,126.89503,37.5242
양평,126.886129,37.525569
오목교(목동운동장앞),126.875181,37.524496
목동,126.864931,37.526065
신정(은행정),126.856191,37.524997
까치산,126.846683,37.531768
화곡,126.840461,37.541513
우장산,126.836318,37.548768
발산,126.837668,37.558598
마곡,126.825448,37.560183
송정,126.811973,37.561184
김포공항,126.801292,37.562384
개화산,126.806171,37.572399
방화,126.812741,37.577446
김포공항,126.8041,37.5617
도봉산,127.046049,37.689534
도봉,127.045595,37.679563
방학,127.044273,37.667503
선정릉,127.043677,37.510735
강남구청,127.041151,37.517469
압구정로데오,127.040534,37.527381
서울숲,127.044707,37.543617
온수(성공회대입구),126.824086,37.492433
구일,126.870793,37.496756
오류동,126.845365,37.494526
개봉,126.85968,37.494594
독산,126.889249,37.466613
금천구청,126.89398,37.455626
가산디지털단지,126.882581,37.481581
구로,126.881966,37.503039
신내,127.103218,37.612887
수색,126.895611,37.580842
디지털미디어시티,126.900453,37.577475
가좌,126.915487,37.568491
홍대입구,126.926683,37.557641
서강대,126.935711,37.551881
공덕,126.952099,37.542596
효창공원앞,126.96221,37.538579
신촌,126.942597,37.559733
서울역,126.97103,37.557231
양원,127.107906,37.606596
망우,127.091909,37.59955
상봉(시외버스터미널),127.08504,37.596678
중랑,127.076116,37.594917
신길,126.917865,37.516862
복정,127.12666,37.470047
수서,127.101422,37.487472
대모산입구,127.07272,37.491373
개포동,127.06614,37.489116
구룡,127.058856,37.486839
도곡,127.055186,37.491224
한티,127.052873,37.496237
선릉,127.048807,37.504856
녹천,127.051269,37.644799
월계,127.058831,37.633212
광운대,127.061835,37.623632
석계,127.065934,37.614532
신이문,127.067325,37.601854
외대앞,127.063549,37.596073
회기,127.057583,37.58946
청량리(서울시립대입구),127.0483,37.580759
왕십리(성동구청),127.038352,37.561827
응봉,127.034538,37.549946
옥수,127.018672,37.540446
한남,127.009169,37.52943
서빙고,126.988537,37.519594
이촌(국립중앙박물관),126.973406,37.522427
신도림,126.891144,37.508787
영등포,126.907628,37.515504
대방,126.926382,37.513342
노량진,126.94271,37.514149
용산,126.964561,37.529849
남영,126.9713,37.541021
서울역,126.971134,37.554337
남태령,126.989134,37.463873
사당,126.981651,37.476955
총신대입구(이수),126.981989,37.486263
동작(현충원),126.980347,37.502852
이촌(국립중앙박물관),126.974733,37.522295
신용산,126.967894,37.52917
삼각지,126.9726,37.534075
숙대입구(갈월),126.972106,37.54456
서울역,126.972556,37.55281
회현(남대문시장),126.978246,37.558514
명동,126.986325,37.560989
충무로,126.99408,37.561207
동대문역사문화공원,127.007885,37.565133
동대문,127.009287,37.57093
혜화,127.001844,37.582336
한성대입구(삼선교),127.006221,37.588458
성신여대입구(돈암),127.016441,37.592612
길음,127.025053,37.603407
미아사거리,127.030053,37.613292
미아(서울사이버대학),127.025983,37.62667
수유(강북구청),127.025732,37.638052
쌍문,127.034709,37.648627
창동,127.047274,37.653088
노원,127.063276,37.65627
상계,127.073572,37.660878
불암산,127.079066,37.670272
오금,127.128319,37.502129
경찰병원,127.12454,37.495918
가락시장,127.117757,37.492245
수서,127.101907,37.487378
일원,127.08439,37.483681
대청,127.079532,37.493514
학여울,127.070594,37.496663
대치,127.063642,37.494612
도곡,127.055452,37.490922
매봉,127.046769,37.486947
양재(서초구청),127.033902,37.484477
남부터미널(예술의전당),127.016189,37.485013
교대(법원.검찰청),127.013786,37.493025
고속터미널,127.004916,37.504891
잠원,127.01122,37.512759
신사,127.020114,37.516334
압구정,127.028461,37.527072
옥수,127.017269,37.541684
금호,127.015872,37.548034
약수,127.010541,37.554867
동대입구,127.005602,37.559052
충무로,126.994072,37.56143
을지로3가,126.992548,37.566672
종로3가,126.991791,37.571605
안국,126.985443,37.576477
경복궁(정부서울청사),126.97353,37.575762
독립문,126.957748,37.574571
무악재,126.950291,37.582299
홍제,126.943736,37.589066
녹번,126.935756,37.600927
불광,126.92982,37.610553
연신내,126.921038,37.619229
구파발,126.918821,37.636763
용두(동대문구청),127.038091,37.574028
신정네거리,126.852912,37.520074
양천구청,126.865819,37.512398
도림천,126.882768,37.514287
신설동,127.024932,37.574747
신답,127.046481,37.57004
용답,127.050899,37.561904
충정로(경기대입구),126.964378,37.559704
아현,126.956141,37.557345
이대,126.946013,37.556733
신촌,126.936926,37.555131
홍대입구,126.923708,37.55679
합정,126.913808,37.549457
당산,126.902767,37.534946
영등포구청,126.89661,37.525706
문래,126.89476,37.517933
신도림,126.891084,37.508961
대림(구로구청),126.894932,37.493243
구로디지털단지,126.901401,37.485266
신대방,126.913149,37.487462
신림,126.929715,37.484201
봉천,126.941892,37.482362
서울대입구(관악구청),126.952739,37.481247
낙성대,126.963693,37.47693
사당,126.981544,37.476538
방배,126.997596,37.481426
서초,127.007917,37.491897
교대(법원.검찰청),127.014667,37.493961
강남,127.027912,37.49799
역삼,127.036456,37.500622
선릉,127.048203,37.504286
삼성(무역센터),127.06316,37.508844
종합운동장,127.073704,37.511022
잠실새내,127.086162,37.511687
잠실(송파구청),127.100159,37.513262
잠실나루,127.10379,37.520733
강변(동서울터미널),127.094681,37.535095
구의(광진구청),127.085916,37.537077
건대입구,127.069191,37.540373
성수,127.055961,37.544581
뚝섬,127.047367,37.547184
한양대,127.043655,37.555273
왕십리(성동구청),127.036954,37.561238
상왕십리,127.029354,37.564354
신당,127.019614,37.56564
동대문역사문화공원,127.009054,37.565613
을지로4가,126.997817,37.566595
을지로3가,126.991696,37.566306
을지로입구,126.982618,37.566014
시청,126.975411,37.563588
동묘앞,127.01648,37.573197
청량리(서울시립대입구),127.044585,37.579956
제기동,127.034893,37.578103
신설동,127.024634,37.576048
동대문,127.01093,37.571687
종로5가,127.001849,37.570926
종로3가,126.991847,37.570406
종각,126.982923,37.570161
시청,126.977088,37.565715
서울역,126.972135,37.556228
