번호,방향,출발_위도,출발_경도,도착_위도,도착_경도,alt_start,alt_end,시간_분초,쉼_횟수,계단_칸,난간,벤치,경사로,노면,사진번호,app_min,app_name,메모
①,오름 1,,,,,,,,,,,,,,,,,비안어린이공원 인근 계단 (아래→위)
①,오름 2,,,,,,,,,,,,,,,,,비안어린이공원 인근 계단 (아래→위)
①,오름 3,,,,,,,,,,,,,,,,,비안어린이공원 인근 계단 (아래→위)
①,내림,,,,,,,,,,,,,,,,,비안어린이공원 인근 계단
②,오름,,,,,,,,,,,,,,,,,봉천역 맞은편 남쪽 모퉁이 → 능선 길 세 갈래
②,내림,,,,,,,,,,,,,,,,,봉천역 맞은편 남쪽 모퉁이 → 능선 길 세 갈래
③,가는 쪽,,,,,,,,,,,,,,,,,도림천 산책로 평지 대조군 (출발 다리 → 하류 첫 다리)
③,오는 쪽,,,,,,,,,,,,,,,,,도림천 산책로 평지 대조군
④,오름,,,,,,,,,,,,,,,,,낙성대역 엘리베이터 → 현대홈타운아파트 정류소 맞은편
④,내림,,,,,,,,,,,,,,,,,낙성대역 엘리베이터 → 현대홈타운아파트 정류소 맞은편
