번호,방향,출발_위도,출발_경도,도착_위도,도착_경도,alt_start,alt_end,시간_분초,app_min,app_name,wait_s,ride_s,쉼_횟수,계단_칸,난간,벤치,경사로,노면,사진번호,메모
②,오름,,,,,,,,,,,,,,,,,,,신당동 대현산배수지공원 (계단 도보)
②,내림,,,,,,,,,,,,,,,,,,,신당동 대현산배수지공원 (계단 도보)
②,모노레일,,,,,,,,,,,,,,,,,,,"대현산 모노레일 대기·탑승 (wait_s·ride_s, 초)"
③,오름,,,,,,,,,,,,,,,,,,,청구동 마을마당 앞 계단
③,내림,,,,,,,,,,,,,,,,,,,청구동 마을마당 앞 계단
④,평지,,,,,,,,,,,,,,,,,,,청계천변 평지 대조군
④,평지,,,,,,,,,,,,,,,,,,,청계천변 평지 대조군
⑤,오름,,,,,,,,,,,,,,,,,,,"보통 오르막 (신당동·청구동 주택가, 계단 없음, 300~500m 연속 오르막)"
⑤,내림,,,,,,,,,,,,,,,,,,,"보통 오르막 (신당동·청구동 주택가, 계단 없음, 300~500m 연속 오르막)"
